home_team,away_team,home_position,away_position,goles_primer_tiempo_self_home,goles_segundo_tiempo_self_home,cambios_resultado_home,amarillas_total_home,rojas_total_home,goals_self_home,goals_rival_home,avg_posesion_self_home,avg_posesion_rival_home,tiros_al_arcototales_home,fouls_total_home,avg_corners_self_home,avg_corners_rival_home,avg_saves_self_home,avg_saves_rival_home,goles_primer_tiempo_self_away,goles_segundo_tiempo_self_away,cambios_resultado_away,amarillas_total_away,rojas_total_away,goals_self_away,goals_rival_away,avg_posesion_self_away,avg_posesion_rival_away,tiros_al_arcototales_away,fouls_total_away,avg_corners_self_away,avg_corners_rival_away,avg_saves_self_away,avg_saves_rival_away
Fulham,Chelsea,8,10,1.28,1.89,2.11,3.78,0.28,1.67,1.5,47.17,52.83,9.89,19.5,5.06,5.06,3.89,3.0,1.0,1.29,1.59,3.65,0.24,1.18,1.12,58.65,41.35,8.29,22.0,5.06,5.06,3.53,2.47
Aston Villa,Leeds,11,13,1.22,1.33,1.44,4.11,0.11,1.11,1.44,47.44,52.56,8.39,23.72,4.22,5.17,2.89,3.0,1.53,1.76,2.24,4.12,0.24,1.47,1.82,49.94,50.06,9.18,24.24,5.29,5.12,3.47,2.47
Brentford,Bournemouth,9,16,1.61,1.61,1.56,3.11,0.11,1.67,1.56,42.72,57.28,10.56,19.22,4.56,6.0,4.5,2.89,1.67,1.5,1.67,3.0,0.0,1.0,2.17,39.56,60.44,8.5,21.44,3.83,6.89,2.94,2.39
Brighton,Liverpool,6,7,1.65,1.71,1.65,4.12,0.06,1.88,1.47,56.59,43.41,9.29,20.88,5.94,4.06,2.35,3.65,1.82,1.47,2.06,2.35,0.12,2.0,1.29,61.94,38.06,10.94,17.53,7.29,3.24,3.29,4.41
Manchester Utd,Manchester City,4,2,1.41,1.35,1.35,3.82,0.0,1.59,1.18,53.41,46.59,9.59,19.18,4.47,5.65,2.94,3.88,1.65,1.94,1.65,3.29,0.18,2.65,0.94,66.35,33.65,8.65,17.65,6.82,2.18,1.65,3.41
Nottingham,Leicester,15,14,1.11,1.5,1.5,4.17,0.0,0.72,1.89,39.0,61.0,8.33,23.11,3.17,6.61,3.44,2.28,1.61,1.56,1.78,2.89,0.06,1.44,1.72,51.22,48.78,8.72,20.44,3.78,6.06,2.78,2.94
Wolves,West Ham,19,17,1.0,1.11,1.61,4.0,0.17,0.61,1.5,48.72,51.28,7.72,22.06,5.0,5.06,2.94,2.67,1.06,1.11,1.72,3.22,0.0,0.83,1.33,45.33,54.67,8.17,18.5,5.28,4.67,2.94,3.06
Everton,Southampton,18,20,0.89,1.22,1.44,4.5,0.0,0.78,1.33,44.5,55.5,8.94,20.72,4.39,6.89,4.11,2.72,1.28,1.39,1.83,3.28,0.0,0.83,1.83,44.28,55.72,7.61,20.56,4.33,5.44,2.28,2.72
Newcastle,Fulham,3,8,1.0,1.39,1.11,3.94,0.06,1.78,0.61,49.89,50.11,8.56,21.67,6.56,4.33,2.94,3.28,1.28,1.89,2.11,3.78,0.28,1.67,1.5,47.17,52.83,9.89,19.5,5.06,5.06,3.89,3.0
Chelsea,Crystal Palace,10,12,1.0,1.29,1.59,3.65,0.24,1.18,1.12,58.65,41.35,8.29,22.0,5.06,5.06,3.53,2.47,1.06,1.41,1.71,4.06,0.18,1.0,1.47,46.71,53.29,8.06,25.71,4.41,4.41,2.94,2.71
Tottenham,Arsenal,5,1,1.28,2.17,2.17,4.17,0.22,2.06,1.39,51.61,48.39,10.17,19.06,6.17,4.56,3.0,3.72,1.18,2.0,1.82,3.94,0.06,2.35,0.82,57.82,42.18,8.47,22.0,5.47,4.06,2.0,3.41
Crystal Palace,Manchester Utd,12,4,1.06,1.41,1.71,4.06,0.18,1.0,1.47,46.71,53.29,8.06,25.71,4.41,4.41,2.94,2.71,1.41,1.35,1.35,3.82,0.0,1.59,1.18,53.41,46.59,9.59,19.18,4.47,5.65,2.94,3.88
Manchester City,Tottenham,2,5,1.65,1.94,1.65,3.29,0.18,2.65,0.94,66.35,33.65,8.65,17.65,6.82,2.18,1.65,3.41,1.28,2.17,2.17,4.17,0.22,2.06,1.39,51.61,48.39,10.17,19.06,6.17,4.56,3.0,3.72
Liverpool,Chelsea,7,10,1.82,1.47,2.06,2.35,0.12,2.0,1.29,61.94,38.06,10.94,17.53,7.29,3.24,3.29,4.41,1.0,1.29,1.59,3.65,0.24,1.18,1.12,58.65,41.35,8.29,22.0,5.06,5.06,3.53,2.47
West Ham,Everton,17,18,1.06,1.11,1.72,3.22,0.0,0.83,1.33,45.33,54.67,8.17,18.5,5.28,4.67,2.94,3.06,0.89,1.22,1.44,4.5,0.0,0.78,1.33,44.5,55.5,8.94,20.72,4.39,6.89,4.11,2.72
Leicester,Brighton,14,6,1.61,1.56,1.78,2.89,0.06,1.44,1.72,51.22,48.78,8.72,20.44,3.78,6.06,2.78,2.94,1.65,1.71,1.65,4.12,0.06,1.88,1.47,56.59,43.41,9.29,20.88,5.94,4.06,2.35,3.65
Crystal Palace,Newcastle,12,3,1.06,1.41,1.71,4.06,0.18,1.0,1.47,46.71,53.29,8.06,25.71,4.41,4.41,2.94,2.71,1.0,1.39,1.11,3.94,0.06,1.78,0.61,49.89,50.11,8.56,21.67,6.56,4.33,2.94,3.28
Southampton,Aston Villa,20,11,1.28,1.39,1.83,3.28,0.0,0.83,1.83,44.28,55.72,7.61,20.56,4.33,5.44,2.28,2.72,1.22,1.33,1.44,4.11,0.11,1.11,1.44,47.44,52.56,8.39,23.72,4.22,5.17,2.89,3.0
Bournemouth,Nottingham,16,15,1.67,1.5,1.67,3.0,0.0,1.0,2.17,39.56,60.44,8.5,21.44,3.83,6.89,2.94,2.39,1.11,1.5,1.5,4.17,0.0,0.72,1.89,39.0,61.0,8.33,23.11,3.17,6.61,3.44,2.28
Manchester City,Wolves,2,19,1.65,1.94,1.65,3.29,0.18,2.65,0.94,66.35,33.65,8.65,17.65,6.82,2.18,1.65,3.41,1.0,1.11,1.61,4.0,0.17,0.61,1.5,48.72,51.28,7.72,22.06,5.0,5.06,2.94,2.67
Leeds,Brentford,13,9,1.53,1.76,2.24,4.12,0.24,1.47,1.82,49.94,50.06,9.18,24.24,5.29,5.12,3.47,2.47,1.61,1.61,1.56,3.11,0.11,1.67,1.56,42.72,57.28,10.56,19.22,4.56,6.0,4.5,2.89
Arsenal,Manchester Utd,1,4,1.18,2.0,1.82,3.94,0.06,2.35,0.82,57.82,42.18,8.47,22.0,5.47,4.06,2.0,3.41,1.41,1.35,1.35,3.82,0.0,1.59,1.18,53.41,46.59,9.59,19.18,4.47,5.65,2.94,3.88
Fulham,Tottenham,8,5,1.28,1.89,2.11,3.78,0.28,1.67,1.5,47.17,52.83,9.89,19.5,5.06,5.06,3.89,3.0,1.28,2.17,2.17,4.17,0.22,2.06,1.39,51.61,48.39,10.17,19.06,6.17,4.56,3.0,3.72
Chelsea,Fulham,10,8,1.0,1.29,1.59,3.65,0.24,1.18,1.12,58.65,41.35,8.29,22.0,5.06,5.06,3.53,2.47,1.28,1.89,2.11,3.78,0.28,1.67,1.5,47.17,52.83,9.89,19.5,5.06,5.06,3.89,3.0
Newcastle,West Ham,3,17,1.0,1.39,1.11,3.94,0.06,1.78,0.61,49.89,50.11,8.56,21.67,6.56,4.33,2.94,3.28,1.06,1.11,1.72,3.22,0.0,0.83,1.33,45.33,54.67,8.17,18.5,5.28,4.67,2.94,3.06
Aston Villa,Leicester,11,14,1.22,1.33,1.44,4.11,0.11,1.11,1.44,47.44,52.56,8.39,23.72,4.22,5.17,2.89,3.0,1.61,1.56,1.78,2.89,0.06,1.44,1.72,51.22,48.78,8.72,20.44,3.78,6.06,2.78,2.94
Brentford,Southampton,9,20,1.61,1.61,1.56,3.11,0.11,1.67,1.56,42.72,57.28,10.56,19.22,4.56,6.0,4.5,2.89,1.28,1.39,1.83,3.28,0.0,0.83,1.83,44.28,55.72,7.61,20.56,4.33,5.44,2.28,2.72
Brighton,Bournemouth,6,16,1.65,1.71,1.65,4.12,0.06,1.88,1.47,56.59,43.41,9.29,20.88,5.94,4.06,2.35,3.65,1.67,1.5,1.67,3.0,0.0,1.0,2.17,39.56,60.44,8.5,21.44,3.83,6.89,2.94,2.39
Manchester Utd,Crystal Palace,4,12,1.41,1.35,1.35,3.82,0.0,1.59,1.18,53.41,46.59,9.59,19.18,4.47,5.65,2.94,3.88,1.06,1.41,1.71,4.06,0.18,1.0,1.47,46.71,53.29,8.06,25.71,4.41,4.41,2.94,2.71
Wolves,Liverpool,19,7,1.0,1.11,1.61,4.0,0.17,0.61,1.5,48.72,51.28,7.72,22.06,5.0,5.06,2.94,2.67,1.82,1.47,2.06,2.35,0.12,2.0,1.29,61.94,38.06,10.94,17.53,7.29,3.24,3.29,4.41
Everton,Arsenal,18,1,0.89,1.22,1.44,4.5,0.0,0.78,1.33,44.5,55.5,8.94,20.72,4.39,6.89,4.11,2.72,1.18,2.0,1.82,3.94,0.06,2.35,0.82,57.82,42.18,8.47,22.0,5.47,4.06,2.0,3.41
Nottingham,Leeds,15,13,1.11,1.5,1.5,4.17,0.0,0.72,1.89,39.0,61.0,8.33,23.11,3.17,6.61,3.44,2.28,1.53,1.76,2.24,4.12,0.24,1.47,1.82,49.94,50.06,9.18,24.24,5.29,5.12,3.47,2.47
Tottenham,Manchester City,5,2,1.28,2.17,2.17,4.17,0.22,2.06,1.39,51.61,48.39,10.17,19.06,6.17,4.56,3.0,3.72,1.65,1.94,1.65,3.29,0.18,2.65,0.94,66.35,33.65,8.65,17.65,6.82,2.18,1.65,3.41
Manchester Utd,Leeds,4,13,1.41,1.35,1.35,3.82,0.0,1.59,1.18,53.41,46.59,9.59,19.18,4.47,5.65,2.94,3.88,1.53,1.76,2.24,4.12,0.24,1.47,1.82,49.94,50.06,9.18,24.24,5.29,5.12,3.47,2.47
Bournemouth,Newcastle,16,3,1.67,1.5,1.67,3.0,0.0,1.0,2.17,39.56,60.44,8.5,21.44,3.83,6.89,2.94,2.39,1.0,1.39,1.11,3.94,0.06,1.78,0.61,49.89,50.11,8.56,21.67,6.56,4.33,2.94,3.28
Crystal Palace,Brighton,12,6,1.06,1.41,1.71,4.06,0.18,1.0,1.47,46.71,53.29,8.06,25.71,4.41,4.41,2.94,2.71,1.65,1.71,1.65,4.12,0.06,1.88,1.47,56.59,43.41,9.29,20.88,5.94,4.06,2.35,3.65
Arsenal,Brentford,1,9,1.18,2.0,1.82,3.94,0.06,2.35,0.82,57.82,42.18,8.47,22.0,5.47,4.06,2.0,3.41,1.61,1.61,1.56,3.11,0.11,1.67,1.56,42.72,57.28,10.56,19.22,4.56,6.0,4.5,2.89
Leicester,Tottenham,14,5,1.61,1.56,1.78,2.89,0.06,1.44,1.72,51.22,48.78,8.72,20.44,3.78,6.06,2.78,2.94,1.28,2.17,2.17,4.17,0.22,2.06,1.39,51.61,48.39,10.17,19.06,6.17,4.56,3.0,3.72
Fulham,Nottingham,8,15,1.28,1.89,2.11,3.78,0.28,1.67,1.5,47.17,52.83,9.89,19.5,5.06,5.06,3.89,3.0,1.11,1.5,1.5,4.17,0.0,0.72,1.89,39.0,61.0,8.33,23.11,3.17,6.61,3.44,2.28
Southampton,Wolves,20,19,1.28,1.39,1.83,3.28,0.0,0.83,1.83,44.28,55.72,7.61,20.56,4.33,5.44,2.28,2.72,1.0,1.11,1.61,4.0,0.17,0.61,1.5,48.72,51.28,7.72,22.06,5.0,5.06,2.94,2.67
West Ham,Chelsea,17,10,1.06,1.11,1.72,3.22,0.0,0.83,1.33,45.33,54.67,8.17,18.5,5.28,4.67,2.94,3.06,1.0,1.29,1.59,3.65,0.24,1.18,1.12,58.65,41.35,8.29,22.0,5.06,5.06,3.53,2.47
Leeds,Manchester Utd,13,4,1.53,1.76,2.24,4.12,0.24,1.47,1.82,49.94,50.06,9.18,24.24,5.29,5.12,3.47,2.47,1.41,1.35,1.35,3.82,0.0,1.59,1.18,53.41,46.59,9.59,19.18,4.47,5.65,2.94,3.88
Manchester City,Aston Villa,2,11,1.65,1.94,1.65,3.29,0.18,2.65,0.94,66.35,33.65,8.65,17.65,6.82,2.18,1.65,3.41,1.22,1.33,1.44,4.11,0.11,1.11,1.44,47.44,52.56,8.39,23.72,4.22,5.17,2.89,3.0
Liverpool,Everton,7,18,1.82,1.47,2.06,2.35,0.12,2.0,1.29,61.94,38.06,10.94,17.53,7.29,3.24,3.29,4.41,0.89,1.22,1.44,4.5,0.0,0.78,1.33,44.5,55.5,8.94,20.72,4.39,6.89,4.11,2.72
Arsenal,Manchester City,1,2,1.18,2.0,1.82,3.94,0.06,2.35,0.82,57.82,42.18,8.47,22.0,5.47,4.06,2.0,3.41,1.65,1.94,1.65,3.29,0.18,2.65,0.94,66.35,33.65,8.65,17.65,6.82,2.18,1.65,3.41
Newcastle,Liverpool,3,7,1.0,1.39,1.11,3.94,0.06,1.78,0.61,49.89,50.11,8.56,21.67,6.56,4.33,2.94,3.28,1.82,1.47,2.06,2.35,0.12,2.0,1.29,61.94,38.06,10.94,17.53,7.29,3.24,3.29,4.41
Brentford,Crystal Palace,9,12,1.61,1.61,1.56,3.11,0.11,1.67,1.56,42.72,57.28,10.56,19.22,4.56,6.0,4.5,2.89,1.06,1.41,1.71,4.06,0.18,1.0,1.47,46.71,53.29,8.06,25.71,4.41,4.41,2.94,2.71
Chelsea,Southampton,10,20,1.0,1.29,1.59,3.65,0.24,1.18,1.12,58.65,41.35,8.29,22.0,5.06,5.06,3.53,2.47,1.28,1.39,1.83,3.28,0.0,0.83,1.83,44.28,55.72,7.61,20.56,4.33,5.44,2.28,2.72
Brighton,Fulham,6,8,1.65,1.71,1.65,4.12,0.06,1.88,1.47,56.59,43.41,9.29,20.88,5.94,4.06,2.35,3.65,1.28,1.89,2.11,3.78,0.28,1.67,1.5,47.17,52.83,9.89,19.5,5.06,5.06,3.89,3.0
Nottingham,Manchester City,15,2,1.11,1.5,1.5,4.17,0.0,0.72,1.89,39.0,61.0,8.33,23.11,3.17,6.61,3.44,2.28,1.65,1.94,1.65,3.29,0.18,2.65,0.94,66.35,33.65,8.65,17.65,6.82,2.18,1.65,3.41
Wolves,Bournemouth,19,16,1.0,1.11,1.61,4.0,0.17,0.61,1.5,48.72,51.28,7.72,22.06,5.0,5.06,2.94,2.67,1.67,1.5,1.67,3.0,0.0,1.0,2.17,39.56,60.44,8.5,21.44,3.83,6.89,2.94,2.39
Aston Villa,Arsenal,11,1,1.22,1.33,1.44,4.11,0.11,1.11,1.44,47.44,52.56,8.39,23.72,4.22,5.17,2.89,3.0,1.18,2.0,1.82,3.94,0.06,2.35,0.82,57.82,42.18,8.47,22.0,5.47,4.06,2.0,3.41
Everton,Leeds,18,13,0.89,1.22,1.44,4.5,0.0,0.78,1.33,44.5,55.5,8.94,20.72,4.39,6.89,4.11,2.72,1.53,1.76,2.24,4.12,0.24,1.47,1.82,49.94,50.06,9.18,24.24,5.29,5.12,3.47,2.47
Tottenham,West Ham,5,17,1.28,2.17,2.17,4.17,0.22,2.06,1.39,51.61,48.39,10.17,19.06,6.17,4.56,3.0,3.72,1.06,1.11,1.72,3.22,0.0,0.83,1.33,45.33,54.67,8.17,18.5,5.28,4.67,2.94,3.06
Manchester Utd,Leicester,4,14,1.41,1.35,1.35,3.82,0.0,1.59,1.18,53.41,46.59,9.59,19.18,4.47,5.65,2.94,3.88,1.61,1.56,1.78,2.89,0.06,1.44,1.72,51.22,48.78,8.72,20.44,3.78,6.06,2.78,2.94
Fulham,Wolves,8,19,1.28,1.89,2.11,3.78,0.28,1.67,1.5,47.17,52.83,9.89,19.5,5.06,5.06,3.89,3.0,1.0,1.11,1.61,4.0,0.17,0.61,1.5,48.72,51.28,7.72,22.06,5.0,5.06,2.94,2.67
West Ham,Nottingham,17,15,1.06,1.11,1.72,3.22,0.0,0.83,1.33,45.33,54.67,8.17,18.5,5.28,4.67,2.94,3.06,1.11,1.5,1.5,4.17,0.0,0.72,1.89,39.0,61.0,8.33,23.11,3.17,6.61,3.44,2.28
Leicester,Arsenal,14,1,1.61,1.56,1.78,2.89,0.06,1.44,1.72,51.22,48.78,8.72,20.44,3.78,6.06,2.78,2.94,1.18,2.0,1.82,3.94,0.06,2.35,0.82,57.82,42.18,8.47,22.0,5.47,4.06,2.0,3.41
Leeds,Southampton,13,20,1.53,1.76,2.24,4.12,0.24,1.47,1.82,49.94,50.06,9.18,24.24,5.29,5.12,3.47,2.47,1.28,1.39,1.83,3.28,0.0,0.83,1.83,44.28,55.72,7.61,20.56,4.33,5.44,2.28,2.72
Everton,Aston Villa,18,11,0.89,1.22,1.44,4.5,0.0,0.78,1.33,44.5,55.5,8.94,20.72,4.39,6.89,4.11,2.72,1.22,1.33,1.44,4.11,0.11,1.11,1.44,47.44,52.56,8.39,23.72,4.22,5.17,2.89,3.0
Bournemouth,Manchester City,16,2,1.67,1.5,1.67,3.0,0.0,1.0,2.17,39.56,60.44,8.5,21.44,3.83,6.89,2.94,2.39,1.65,1.94,1.65,3.29,0.18,2.65,0.94,66.35,33.65,8.65,17.65,6.82,2.18,1.65,3.41
Crystal Palace,Liverpool,12,7,1.06,1.41,1.71,4.06,0.18,1.0,1.47,46.71,53.29,8.06,25.71,4.41,4.41,2.94,2.71,1.82,1.47,2.06,2.35,0.12,2.0,1.29,61.94,38.06,10.94,17.53,7.29,3.24,3.29,4.41
Tottenham,Chelsea,5,10,1.28,2.17,2.17,4.17,0.22,2.06,1.39,51.61,48.39,10.17,19.06,6.17,4.56,3.0,3.72,1.0,1.29,1.59,3.65,0.24,1.18,1.12,58.65,41.35,8.29,22.0,5.06,5.06,3.53,2.47
Liverpool,Wolves,7,19,1.82,1.47,2.06,2.35,0.12,2.0,1.29,61.94,38.06,10.94,17.53,7.29,3.24,3.29,4.41,1.0,1.11,1.61,4.0,0.17,0.61,1.5,48.72,51.28,7.72,22.06,5.0,5.06,2.94,2.67
Arsenal,Everton,1,18,1.18,2.0,1.82,3.94,0.06,2.35,0.82,57.82,42.18,8.47,22.0,5.47,4.06,2.0,3.41,0.89,1.22,1.44,4.5,0.0,0.78,1.33,44.5,55.5,8.94,20.72,4.39,6.89,4.11,2.72
Manchester City,Newcastle,2,3,1.65,1.94,1.65,3.29,0.18,2.65,0.94,66.35,33.65,8.65,17.65,6.82,2.18,1.65,3.41,1.0,1.39,1.11,3.94,0.06,1.78,0.61,49.89,50.11,8.56,21.67,6.56,4.33,2.94,3.28
Wolves,Tottenham,19,5,1.0,1.11,1.61,4.0,0.17,0.61,1.5,48.72,51.28,7.72,22.06,5.0,5.06,2.94,2.67,1.28,2.17,2.17,4.17,0.22,2.06,1.39,51.61,48.39,10.17,19.06,6.17,4.56,3.0,3.72
Chelsea,Leeds,10,13,1.0,1.29,1.59,3.65,0.24,1.18,1.12,58.65,41.35,8.29,22.0,5.06,5.06,3.53,2.47,1.53,1.76,2.24,4.12,0.24,1.47,1.82,49.94,50.06,9.18,24.24,5.29,5.12,3.47,2.47
Brighton,West Ham,6,17,1.65,1.71,1.65,4.12,0.06,1.88,1.47,56.59,43.41,9.29,20.88,5.94,4.06,2.35,3.65,1.06,1.11,1.72,3.22,0.0,0.83,1.33,45.33,54.67,8.17,18.5,5.28,4.67,2.94,3.06
Aston Villa,Crystal Palace,11,12,1.22,1.33,1.44,4.11,0.11,1.11,1.44,47.44,52.56,8.39,23.72,4.22,5.17,2.89,3.0,1.06,1.41,1.71,4.06,0.18,1.0,1.47,46.71,53.29,8.06,25.71,4.41,4.41,2.94,2.71
Arsenal,Bournemouth,1,16,1.18,2.0,1.82,3.94,0.06,2.35,0.82,57.82,42.18,8.47,22.0,5.47,4.06,2.0,3.41,1.67,1.5,1.67,3.0,0.0,1.0,2.17,39.56,60.44,8.5,21.44,3.83,6.89,2.94,2.39
Southampton,Leicester,20,14,1.28,1.39,1.83,3.28,0.0,0.83,1.83,44.28,55.72,7.61,20.56,4.33,5.44,2.28,2.72,1.61,1.56,1.78,2.89,0.06,1.44,1.72,51.22,48.78,8.72,20.44,3.78,6.06,2.78,2.94
Nottingham,Everton,15,18,1.11,1.5,1.5,4.17,0.0,0.72,1.89,39.0,61.0,8.33,23.11,3.17,6.61,3.44,2.28,0.89,1.22,1.44,4.5,0.0,0.78,1.33,44.5,55.5,8.94,20.72,4.39,6.89,4.11,2.72
Liverpool,Manchester Utd,7,4,1.82,1.47,2.06,2.35,0.12,2.0,1.29,61.94,38.06,10.94,17.53,7.29,3.24,3.29,4.41,1.41,1.35,1.35,3.82,0.0,1.59,1.18,53.41,46.59,9.59,19.18,4.47,5.65,2.94,3.88
Brentford,Fulham,9,8,1.61,1.61,1.56,3.11,0.11,1.67,1.56,42.72,57.28,10.56,19.22,4.56,6.0,4.5,2.89,1.28,1.89,2.11,3.78,0.28,1.67,1.5,47.17,52.83,9.89,19.5,5.06,5.06,3.89,3.0
Crystal Palace,Manchester City,12,2,1.06,1.41,1.71,4.06,0.18,1.0,1.47,46.71,53.29,8.06,25.71,4.41,4.41,2.94,2.71,1.65,1.94,1.65,3.29,0.18,2.65,0.94,66.35,33.65,8.65,17.65,6.82,2.18,1.65,3.41
Everton,Brentford,18,9,0.89,1.22,1.44,4.5,0.0,0.78,1.33,44.5,55.5,8.94,20.72,4.39,6.89,4.11,2.72,1.61,1.61,1.56,3.11,0.11,1.67,1.56,42.72,57.28,10.56,19.22,4.56,6.0,4.5,2.89
Leicester,Chelsea,14,10,1.61,1.56,1.78,2.89,0.06,1.44,1.72,51.22,48.78,8.72,20.44,3.78,6.06,2.78,2.94,1.0,1.29,1.59,3.65,0.24,1.18,1.12,58.65,41.35,8.29,22.0,5.06,5.06,3.53,2.47
Tottenham,Nottingham,5,15,1.28,2.17,2.17,4.17,0.22,2.06,1.39,51.61,48.39,10.17,19.06,6.17,4.56,3.0,3.72,1.11,1.5,1.5,4.17,0.0,0.72,1.89,39.0,61.0,8.33,23.11,3.17,6.61,3.44,2.28
Bournemouth,Liverpool,16,7,1.67,1.5,1.67,3.0,0.0,1.0,2.17,39.56,60.44,8.5,21.44,3.83,6.89,2.94,2.39,1.82,1.47,2.06,2.35,0.12,2.0,1.29,61.94,38.06,10.94,17.53,7.29,3.24,3.29,4.41
Leeds,Brighton,13,6,1.53,1.76,2.24,4.12,0.24,1.47,1.82,49.94,50.06,9.18,24.24,5.29,5.12,3.47,2.47,1.65,1.71,1.65,4.12,0.06,1.88,1.47,56.59,43.41,9.29,20.88,5.94,4.06,2.35,3.65
West Ham,Aston Villa,17,11,1.06,1.11,1.72,3.22,0.0,0.83,1.33,45.33,54.67,8.17,18.5,5.28,4.67,2.94,3.06,1.22,1.33,1.44,4.11,0.11,1.11,1.44,47.44,52.56,8.39,23.72,4.22,5.17,2.89,3.0
Manchester Utd,Southampton,4,20,1.41,1.35,1.35,3.82,0.0,1.59,1.18,53.41,46.59,9.59,19.18,4.47,5.65,2.94,3.88,1.28,1.39,1.83,3.28,0.0,0.83,1.83,44.28,55.72,7.61,20.56,4.33,5.44,2.28,2.72
Fulham,Arsenal,8,1,1.28,1.89,2.11,3.78,0.28,1.67,1.5,47.17,52.83,9.89,19.5,5.06,5.06,3.89,3.0,1.18,2.0,1.82,3.94,0.06,2.35,0.82,57.82,42.18,8.47,22.0,5.47,4.06,2.0,3.41
Newcastle,Wolves,3,19,1.0,1.39,1.11,3.94,0.06,1.78,0.61,49.89,50.11,8.56,21.67,6.56,4.33,2.94,3.28,1.0,1.11,1.61,4.0,0.17,0.61,1.5,48.72,51.28,7.72,22.06,5.0,5.06,2.94,2.67
Southampton,Brentford,20,9,1.28,1.39,1.83,3.28,0.0,0.83,1.83,44.28,55.72,7.61,20.56,4.33,5.44,2.28,2.72,1.61,1.61,1.56,3.11,0.11,1.67,1.56,42.72,57.28,10.56,19.22,4.56,6.0,4.5,2.89
Brighton,Crystal Palace,6,12,1.65,1.71,1.65,4.12,0.06,1.88,1.47,56.59,43.41,9.29,20.88,5.94,4.06,2.35,3.65,1.06,1.41,1.71,4.06,0.18,1.0,1.47,46.71,53.29,8.06,25.71,4.41,4.41,2.94,2.71
Nottingham,Newcastle,15,3,1.11,1.5,1.5,4.17,0.0,0.72,1.89,39.0,61.0,8.33,23.11,3.17,6.61,3.44,2.28,1.0,1.39,1.11,3.94,0.06,1.78,0.61,49.89,50.11,8.56,21.67,6.56,4.33,2.94,3.28
Chelsea,Everton,10,18,1.0,1.29,1.59,3.65,0.24,1.18,1.12,58.65,41.35,8.29,22.0,5.06,5.06,3.53,2.47,0.89,1.22,1.44,4.5,0.0,0.78,1.33,44.5,55.5,8.94,20.72,4.39,6.89,4.11,2.72
Aston Villa,Bournemouth,11,16,1.22,1.33,1.44,4.11,0.11,1.11,1.44,47.44,52.56,8.39,23.72,4.22,5.17,2.89,3.0,1.67,1.5,1.67,3.0,0.0,1.0,2.17,39.56,60.44,8.5,21.44,3.83,6.89,2.94,2.39
Southampton,Tottenham,20,5,1.28,1.39,1.83,3.28,0.0,0.83,1.83,44.28,55.72,7.61,20.56,4.33,5.44,2.28,2.72,1.28,2.17,2.17,4.17,0.22,2.06,1.39,51.61,48.39,10.17,19.06,6.17,4.56,3.0,3.72
Wolves,Leeds,19,13,1.0,1.11,1.61,4.0,0.17,0.61,1.5,48.72,51.28,7.72,22.06,5.0,5.06,2.94,2.67,1.53,1.76,2.24,4.12,0.24,1.47,1.82,49.94,50.06,9.18,24.24,5.29,5.12,3.47,2.47
Brentford,Leicester,9,14,1.61,1.61,1.56,3.11,0.11,1.67,1.56,42.72,57.28,10.56,19.22,4.56,6.0,4.5,2.89,1.61,1.56,1.78,2.89,0.06,1.44,1.72,51.22,48.78,8.72,20.44,3.78,6.06,2.78,2.94
Arsenal,Crystal Palace,1,12,1.18,2.0,1.82,3.94,0.06,2.35,0.82,57.82,42.18,8.47,22.0,5.47,4.06,2.0,3.41,1.06,1.41,1.71,4.06,0.18,1.0,1.47,46.71,53.29,8.06,25.71,4.41,4.41,2.94,2.71
Manchester City,Liverpool,2,7,1.65,1.94,1.65,3.29,0.18,2.65,0.94,66.35,33.65,8.65,17.65,6.82,2.18,1.65,3.41,1.82,1.47,2.06,2.35,0.12,2.0,1.29,61.94,38.06,10.94,17.53,7.29,3.24,3.29,4.41
Nottingham,Wolves,15,19,1.11,1.5,1.5,4.17,0.0,0.72,1.89,39.0,61.0,8.33,23.11,3.17,6.61,3.44,2.28,1.0,1.11,1.61,4.0,0.17,0.61,1.5,48.72,51.28,7.72,22.06,5.0,5.06,2.94,2.67
Crystal Palace,Leicester,12,14,1.06,1.41,1.71,4.06,0.18,1.0,1.47,46.71,53.29,8.06,25.71,4.41,4.41,2.94,2.71,1.61,1.56,1.78,2.89,0.06,1.44,1.72,51.22,48.78,8.72,20.44,3.78,6.06,2.78,2.94
Brighton,Brentford,6,9,1.65,1.71,1.65,4.12,0.06,1.88,1.47,56.59,43.41,9.29,20.88,5.94,4.06,2.35,3.65,1.61,1.61,1.56,3.11,0.11,1.67,1.56,42.72,57.28,10.56,19.22,4.56,6.0,4.5,2.89
Bournemouth,Fulham,16,8,1.67,1.5,1.67,3.0,0.0,1.0,2.17,39.56,60.44,8.5,21.44,3.83,6.89,2.94,2.39,1.28,1.89,2.11,3.78,0.28,1.67,1.5,47.17,52.83,9.89,19.5,5.06,5.06,3.89,3.0
Arsenal,Leeds,1,13,1.18,2.0,1.82,3.94,0.06,2.35,0.82,57.82,42.18,8.47,22.0,5.47,4.06,2.0,3.41,1.53,1.76,2.24,4.12,0.24,1.47,1.82,49.94,50.06,9.18,24.24,5.29,5.12,3.47,2.47
Chelsea,Aston Villa,10,11,1.0,1.29,1.59,3.65,0.24,1.18,1.12,58.65,41.35,8.29,22.0,5.06,5.06,3.53,2.47,1.22,1.33,1.44,4.11,0.11,1.11,1.44,47.44,52.56,8.39,23.72,4.22,5.17,2.89,3.0
Newcastle,Manchester Utd,3,4,1.0,1.39,1.11,3.94,0.06,1.78,0.61,49.89,50.11,8.56,21.67,6.56,4.33,2.94,3.28,1.41,1.35,1.35,3.82,0.0,1.59,1.18,53.41,46.59,9.59,19.18,4.47,5.65,2.94,3.88
West Ham,Southampton,17,20,1.06,1.11,1.72,3.22,0.0,0.83,1.33,45.33,54.67,8.17,18.5,5.28,4.67,2.94,3.06,1.28,1.39,1.83,3.28,0.0,0.83,1.83,44.28,55.72,7.61,20.56,4.33,5.44,2.28,2.72
Everton,Tottenham,18,5,0.89,1.22,1.44,4.5,0.0,0.78,1.33,44.5,55.5,8.94,20.72,4.39,6.89,4.11,2.72,1.28,2.17,2.17,4.17,0.22,2.06,1.39,51.61,48.39,10.17,19.06,6.17,4.56,3.0,3.72
Leicester,Aston Villa,14,11,1.61,1.56,1.78,2.89,0.06,1.44,1.72,51.22,48.78,8.72,20.44,3.78,6.06,2.78,2.94,1.22,1.33,1.44,4.11,0.11,1.11,1.44,47.44,52.56,8.39,23.72,4.22,5.17,2.89,3.0
Leeds,Nottingham,13,15,1.53,1.76,2.24,4.12,0.24,1.47,1.82,49.94,50.06,9.18,24.24,5.29,5.12,3.47,2.47,1.11,1.5,1.5,4.17,0.0,0.72,1.89,39.0,61.0,8.33,23.11,3.17,6.61,3.44,2.28
Bournemouth,Brighton,16,6,1.67,1.5,1.67,3.0,0.0,1.0,2.17,39.56,60.44,8.5,21.44,3.83,6.89,2.94,2.39,1.65,1.71,1.65,4.12,0.06,1.88,1.47,56.59,43.41,9.29,20.88,5.94,4.06,2.35,3.65
Chelsea,Liverpool,10,7,1.0,1.29,1.59,3.65,0.24,1.18,1.12,58.65,41.35,8.29,22.0,5.06,5.06,3.53,2.47,1.82,1.47,2.06,2.35,0.12,2.0,1.29,61.94,38.06,10.94,17.53,7.29,3.24,3.29,4.41
West Ham,Newcastle,17,3,1.06,1.11,1.72,3.22,0.0,0.83,1.33,45.33,54.67,8.17,18.5,5.28,4.67,2.94,3.06,1.0,1.39,1.11,3.94,0.06,1.78,0.61,49.89,50.11,8.56,21.67,6.56,4.33,2.94,3.28
Manchester Utd,Brentford,4,9,1.41,1.35,1.35,3.82,0.0,1.59,1.18,53.41,46.59,9.59,19.18,4.47,5.65,2.94,3.88,1.61,1.61,1.56,3.11,0.11,1.67,1.56,42.72,57.28,10.56,19.22,4.56,6.0,4.5,2.89
Aston Villa,Nottingham,11,15,1.22,1.33,1.44,4.11,0.11,1.11,1.44,47.44,52.56,8.39,23.72,4.22,5.17,2.89,3.0,1.11,1.5,1.5,4.17,0.0,0.72,1.89,39.0,61.0,8.33,23.11,3.17,6.61,3.44,2.28
Southampton,Manchester City,20,2,1.28,1.39,1.83,3.28,0.0,0.83,1.83,44.28,55.72,7.61,20.56,4.33,5.44,2.28,2.72,1.65,1.94,1.65,3.29,0.18,2.65,0.94,66.35,33.65,8.65,17.65,6.82,2.18,1.65,3.41
Brentford,Newcastle,9,3,1.61,1.61,1.56,3.11,0.11,1.67,1.56,42.72,57.28,10.56,19.22,4.56,6.0,4.5,2.89,1.0,1.39,1.11,3.94,0.06,1.78,0.61,49.89,50.11,8.56,21.67,6.56,4.33,2.94,3.28
Manchester Utd,Everton,4,18,1.41,1.35,1.35,3.82,0.0,1.59,1.18,53.41,46.59,9.59,19.18,4.47,5.65,2.94,3.88,0.89,1.22,1.44,4.5,0.0,0.78,1.33,44.5,55.5,8.94,20.72,4.39,6.89,4.11,2.72
Leicester,Bournemouth,14,16,1.61,1.56,1.78,2.89,0.06,1.44,1.72,51.22,48.78,8.72,20.44,3.78,6.06,2.78,2.94,1.67,1.5,1.67,3.0,0.0,1.0,2.17,39.56,60.44,8.5,21.44,3.83,6.89,2.94,2.39
Wolves,Chelsea,19,10,1.0,1.11,1.61,4.0,0.17,0.61,1.5,48.72,51.28,7.72,22.06,5.0,5.06,2.94,2.67,1.0,1.29,1.59,3.65,0.24,1.18,1.12,58.65,41.35,8.29,22.0,5.06,5.06,3.53,2.47
Fulham,West Ham,8,17,1.28,1.89,2.11,3.78,0.28,1.67,1.5,47.17,52.83,9.89,19.5,5.06,5.06,3.89,3.0,1.06,1.11,1.72,3.22,0.0,0.83,1.33,45.33,54.67,8.17,18.5,5.28,4.67,2.94,3.06
Tottenham,Brighton,5,6,1.28,2.17,2.17,4.17,0.22,2.06,1.39,51.61,48.39,10.17,19.06,6.17,4.56,3.0,3.72,1.65,1.71,1.65,4.12,0.06,1.88,1.47,56.59,43.41,9.29,20.88,5.94,4.06,2.35,3.65
Leeds,Crystal Palace,13,12,1.53,1.76,2.24,4.12,0.24,1.47,1.82,49.94,50.06,9.18,24.24,5.29,5.12,3.47,2.47,1.06,1.41,1.71,4.06,0.18,1.0,1.47,46.71,53.29,8.06,25.71,4.41,4.41,2.94,2.71
Liverpool,Arsenal,7,1,1.82,1.47,2.06,2.35,0.12,2.0,1.29,61.94,38.06,10.94,17.53,7.29,3.24,3.29,4.41,1.18,2.0,1.82,3.94,0.06,2.35,0.82,57.82,42.18,8.47,22.0,5.47,4.06,2.0,3.41
Aston Villa,Newcastle,11,3,1.22,1.33,1.44,4.11,0.11,1.11,1.44,47.44,52.56,8.39,23.72,4.22,5.17,2.89,3.0,1.0,1.39,1.11,3.94,0.06,1.78,0.61,49.89,50.11,8.56,21.67,6.56,4.33,2.94,3.28
Wolves,Brentford,19,9,1.0,1.11,1.61,4.0,0.17,0.61,1.5,48.72,51.28,7.72,22.06,5.0,5.06,2.94,2.67,1.61,1.61,1.56,3.11,0.11,1.67,1.56,42.72,57.28,10.56,19.22,4.56,6.0,4.5,2.89
Tottenham,Bournemouth,5,16,1.28,2.17,2.17,4.17,0.22,2.06,1.39,51.61,48.39,10.17,19.06,6.17,4.56,3.0,3.72,1.67,1.5,1.67,3.0,0.0,1.0,2.17,39.56,60.44,8.5,21.44,3.83,6.89,2.94,2.39
Southampton,Crystal Palace,20,12,1.28,1.39,1.83,3.28,0.0,0.83,1.83,44.28,55.72,7.61,20.56,4.33,5.44,2.28,2.72,1.06,1.41,1.71,4.06,0.18,1.0,1.47,46.71,53.29,8.06,25.71,4.41,4.41,2.94,2.71
Everton,Fulham,18,8,0.89,1.22,1.44,4.5,0.0,0.78,1.33,44.5,55.5,8.94,20.72,4.39,6.89,4.11,2.72,1.28,1.89,2.11,3.78,0.28,1.67,1.5,47.17,52.83,9.89,19.5,5.06,5.06,3.89,3.0
Chelsea,Brighton,10,6,1.0,1.29,1.59,3.65,0.24,1.18,1.12,58.65,41.35,8.29,22.0,5.06,5.06,3.53,2.47,1.65,1.71,1.65,4.12,0.06,1.88,1.47,56.59,43.41,9.29,20.88,5.94,4.06,2.35,3.65
Manchester City,Leicester,2,14,1.65,1.94,1.65,3.29,0.18,2.65,0.94,66.35,33.65,8.65,17.65,6.82,2.18,1.65,3.41,1.61,1.56,1.78,2.89,0.06,1.44,1.72,51.22,48.78,8.72,20.44,3.78,6.06,2.78,2.94
Nottingham,Manchester Utd,15,4,1.11,1.5,1.5,4.17,0.0,0.72,1.89,39.0,61.0,8.33,23.11,3.17,6.61,3.44,2.28,1.41,1.35,1.35,3.82,0.0,1.59,1.18,53.41,46.59,9.59,19.18,4.47,5.65,2.94,3.88
West Ham,Arsenal,17,1,1.06,1.11,1.72,3.22,0.0,0.83,1.33,45.33,54.67,8.17,18.5,5.28,4.67,2.94,3.06,1.18,2.0,1.82,3.94,0.06,2.35,0.82,57.82,42.18,8.47,22.0,5.47,4.06,2.0,3.41
Leeds,Liverpool,13,7,1.53,1.76,2.24,4.12,0.24,1.47,1.82,49.94,50.06,9.18,24.24,5.29,5.12,3.47,2.47,1.82,1.47,2.06,2.35,0.12,2.0,1.29,61.94,38.06,10.94,17.53,7.29,3.24,3.29,4.41
Arsenal,Southampton,1,20,1.18,2.0,1.82,3.94,0.06,2.35,0.82,57.82,42.18,8.47,22.0,5.47,4.06,2.0,3.41,1.28,1.39,1.83,3.28,0.0,0.83,1.83,44.28,55.72,7.61,20.56,4.33,5.44,2.28,2.72
Fulham,Leeds,8,13,1.28,1.89,2.11,3.78,0.28,1.67,1.5,47.17,52.83,9.89,19.5,5.06,5.06,3.89,3.0,1.53,1.76,2.24,4.12,0.24,1.47,1.82,49.94,50.06,9.18,24.24,5.29,5.12,3.47,2.47
Liverpool,Nottingham,7,15,1.82,1.47,2.06,2.35,0.12,2.0,1.29,61.94,38.06,10.94,17.53,7.29,3.24,3.29,4.41,1.11,1.5,1.5,4.17,0.0,0.72,1.89,39.0,61.0,8.33,23.11,3.17,6.61,3.44,2.28
Leicester,Wolves,14,19,1.61,1.56,1.78,2.89,0.06,1.44,1.72,51.22,48.78,8.72,20.44,3.78,6.06,2.78,2.94,1.0,1.11,1.61,4.0,0.17,0.61,1.5,48.72,51.28,7.72,22.06,5.0,5.06,2.94,2.67
Crystal Palace,Everton,12,18,1.06,1.41,1.71,4.06,0.18,1.0,1.47,46.71,53.29,8.06,25.71,4.41,4.41,2.94,2.71,0.89,1.22,1.44,4.5,0.0,0.78,1.33,44.5,55.5,8.94,20.72,4.39,6.89,4.11,2.72
Brentford,Aston Villa,9,11,1.61,1.61,1.56,3.11,0.11,1.67,1.56,42.72,57.28,10.56,19.22,4.56,6.0,4.5,2.89,1.22,1.33,1.44,4.11,0.11,1.11,1.44,47.44,52.56,8.39,23.72,4.22,5.17,2.89,3.0
Newcastle,Tottenham,3,5,1.0,1.39,1.11,3.94,0.06,1.78,0.61,49.89,50.11,8.56,21.67,6.56,4.33,2.94,3.28,1.28,2.17,2.17,4.17,0.22,2.06,1.39,51.61,48.39,10.17,19.06,6.17,4.56,3.0,3.72
Bournemouth,West Ham,16,17,1.67,1.5,1.67,3.0,0.0,1.0,2.17,39.56,60.44,8.5,21.44,3.83,6.89,2.94,2.39,1.06,1.11,1.72,3.22,0.0,0.83,1.33,45.33,54.67,8.17,18.5,5.28,4.67,2.94,3.06
Wolves,Crystal Palace,19,12,1.0,1.11,1.61,4.0,0.17,0.61,1.5,48.72,51.28,7.72,22.06,5.0,5.06,2.94,2.67,1.06,1.41,1.71,4.06,0.18,1.0,1.47,46.71,53.29,8.06,25.71,4.41,4.41,2.94,2.71
Aston Villa,Fulham,11,8,1.22,1.33,1.44,4.11,0.11,1.11,1.44,47.44,52.56,8.39,23.72,4.22,5.17,2.89,3.0,1.28,1.89,2.11,3.78,0.28,1.67,1.5,47.17,52.83,9.89,19.5,5.06,5.06,3.89,3.0
Leeds,Leicester,13,14,1.53,1.76,2.24,4.12,0.24,1.47,1.82,49.94,50.06,9.18,24.24,5.29,5.12,3.47,2.47,1.61,1.56,1.78,2.89,0.06,1.44,1.72,51.22,48.78,8.72,20.44,3.78,6.06,2.78,2.94
Nottingham,Brighton,15,6,1.11,1.5,1.5,4.17,0.0,0.72,1.89,39.0,61.0,8.33,23.11,3.17,6.61,3.44,2.28,1.65,1.71,1.65,4.12,0.06,1.88,1.47,56.59,43.41,9.29,20.88,5.94,4.06,2.35,3.65
West Ham,Liverpool,17,7,1.06,1.11,1.72,3.22,0.0,0.83,1.33,45.33,54.67,8.17,18.5,5.28,4.67,2.94,3.06,1.82,1.47,2.06,2.35,0.12,2.0,1.29,61.94,38.06,10.94,17.53,7.29,3.24,3.29,4.41
Chelsea,Brentford,10,9,1.0,1.29,1.59,3.65,0.24,1.18,1.12,58.65,41.35,8.29,22.0,5.06,5.06,3.53,2.47,1.61,1.61,1.56,3.11,0.11,1.67,1.56,42.72,57.28,10.56,19.22,4.56,6.0,4.5,2.89
Manchester City,Arsenal,2,1,1.65,1.94,1.65,3.29,0.18,2.65,0.94,66.35,33.65,8.65,17.65,6.82,2.18,1.65,3.41,1.18,2.0,1.82,3.94,0.06,2.35,0.82,57.82,42.18,8.47,22.0,5.47,4.06,2.0,3.41
Southampton,Bournemouth,20,16,1.28,1.39,1.83,3.28,0.0,0.83,1.83,44.28,55.72,7.61,20.56,4.33,5.44,2.28,2.72,1.67,1.5,1.67,3.0,0.0,1.0,2.17,39.56,60.44,8.5,21.44,3.83,6.89,2.94,2.39
Everton,Newcastle,18,3,0.89,1.22,1.44,4.5,0.0,0.78,1.33,44.5,55.5,8.94,20.72,4.39,6.89,4.11,2.72,1.0,1.39,1.11,3.94,0.06,1.78,0.61,49.89,50.11,8.56,21.67,6.56,4.33,2.94,3.28
Tottenham,Manchester Utd,5,4,1.28,2.17,2.17,4.17,0.22,2.06,1.39,51.61,48.39,10.17,19.06,6.17,4.56,3.0,3.72,1.41,1.35,1.35,3.82,0.0,1.59,1.18,53.41,46.59,9.59,19.18,4.47,5.65,2.94,3.88
Brentford,Nottingham,9,15,1.61,1.61,1.56,3.11,0.11,1.67,1.56,42.72,57.28,10.56,19.22,4.56,6.0,4.5,2.89,1.11,1.5,1.5,4.17,0.0,0.72,1.89,39.0,61.0,8.33,23.11,3.17,6.61,3.44,2.28
Crystal Palace,West Ham,12,17,1.06,1.41,1.71,4.06,0.18,1.0,1.47,46.71,53.29,8.06,25.71,4.41,4.41,2.94,2.71,1.06,1.11,1.72,3.22,0.0,0.83,1.33,45.33,54.67,8.17,18.5,5.28,4.67,2.94,3.06
Brighton,Wolves,6,19,1.65,1.71,1.65,4.12,0.06,1.88,1.47,56.59,43.41,9.29,20.88,5.94,4.06,2.35,3.65,1.0,1.11,1.61,4.0,0.17,0.61,1.5,48.72,51.28,7.72,22.06,5.0,5.06,2.94,2.67
Newcastle,Southampton,3,20,1.0,1.39,1.11,3.94,0.06,1.78,0.61,49.89,50.11,8.56,21.67,6.56,4.33,2.94,3.28,1.28,1.39,1.83,3.28,0.0,0.83,1.83,44.28,55.72,7.61,20.56,4.33,5.44,2.28,2.72
Manchester Utd,Aston Villa,4,11,1.41,1.35,1.35,3.82,0.0,1.59,1.18,53.41,46.59,9.59,19.18,4.47,5.65,2.94,3.88,1.22,1.33,1.44,4.11,0.11,1.11,1.44,47.44,52.56,8.39,23.72,4.22,5.17,2.89,3.0
Fulham,Manchester City,8,2,1.28,1.89,2.11,3.78,0.28,1.67,1.5,47.17,52.83,9.89,19.5,5.06,5.06,3.89,3.0,1.65,1.94,1.65,3.29,0.18,2.65,0.94,66.35,33.65,8.65,17.65,6.82,2.18,1.65,3.41
Bournemouth,Leeds,16,13,1.67,1.5,1.67,3.0,0.0,1.0,2.17,39.56,60.44,8.5,21.44,3.83,6.89,2.94,2.39,1.53,1.76,2.24,4.12,0.24,1.47,1.82,49.94,50.06,9.18,24.24,5.29,5.12,3.47,2.47
Liverpool,Tottenham,7,5,1.82,1.47,2.06,2.35,0.12,2.0,1.29,61.94,38.06,10.94,17.53,7.29,3.24,3.29,4.41,1.28,2.17,2.17,4.17,0.22,2.06,1.39,51.61,48.39,10.17,19.06,6.17,4.56,3.0,3.72
Leicester,Everton,14,18,1.61,1.56,1.78,2.89,0.06,1.44,1.72,51.22,48.78,8.72,20.44,3.78,6.06,2.78,2.94,0.89,1.22,1.44,4.5,0.0,0.78,1.33,44.5,55.5,8.94,20.72,4.39,6.89,4.11,2.72
Arsenal,Chelsea,1,10,1.18,2.0,1.82,3.94,0.06,2.35,0.82,57.82,42.18,8.47,22.0,5.47,4.06,2.0,3.41,1.0,1.29,1.59,3.65,0.24,1.18,1.12,58.65,41.35,8.29,22.0,5.06,5.06,3.53,2.47
Liverpool,Fulham,7,8,1.82,1.47,2.06,2.35,0.12,2.0,1.29,61.94,38.06,10.94,17.53,7.29,3.24,3.29,4.41,1.28,1.89,2.11,3.78,0.28,1.67,1.5,47.17,52.83,9.89,19.5,5.06,5.06,3.89,3.0
Manchester City,West Ham,2,17,1.65,1.94,1.65,3.29,0.18,2.65,0.94,66.35,33.65,8.65,17.65,6.82,2.18,1.65,3.41,1.06,1.11,1.72,3.22,0.0,0.83,1.33,45.33,54.67,8.17,18.5,5.28,4.67,2.94,3.06
Brighton,Manchester Utd,6,4,1.65,1.71,1.65,4.12,0.06,1.88,1.47,56.59,43.41,9.29,20.88,5.94,4.06,2.35,3.65,1.41,1.35,1.35,3.82,0.0,1.59,1.18,53.41,46.59,9.59,19.18,4.47,5.65,2.94,3.88
Wolves,Aston Villa,19,11,1.0,1.11,1.61,4.0,0.17,0.61,1.5,48.72,51.28,7.72,22.06,5.0,5.06,2.94,2.67,1.22,1.33,1.44,4.11,0.11,1.11,1.44,47.44,52.56,8.39,23.72,4.22,5.17,2.89,3.0
Tottenham,Crystal Palace,5,12,1.28,2.17,2.17,4.17,0.22,2.06,1.39,51.61,48.39,10.17,19.06,6.17,4.56,3.0,3.72,1.06,1.41,1.71,4.06,0.18,1.0,1.47,46.71,53.29,8.06,25.71,4.41,4.41,2.94,2.71
Manchester City,Leeds,2,13,1.65,1.94,1.65,3.29,0.18,2.65,0.94,66.35,33.65,8.65,17.65,6.82,2.18,1.65,3.41,1.53,1.76,2.24,4.12,0.24,1.47,1.82,49.94,50.06,9.18,24.24,5.29,5.12,3.47,2.47
Bournemouth,Chelsea,16,10,1.67,1.5,1.67,3.0,0.0,1.0,2.17,39.56,60.44,8.5,21.44,3.83,6.89,2.94,2.39,1.0,1.29,1.59,3.65,0.24,1.18,1.12,58.65,41.35,8.29,22.0,5.06,5.06,3.53,2.47
Liverpool,Brentford,7,9,1.82,1.47,2.06,2.35,0.12,2.0,1.29,61.94,38.06,10.94,17.53,7.29,3.24,3.29,4.41,1.61,1.61,1.56,3.11,0.11,1.67,1.56,42.72,57.28,10.56,19.22,4.56,6.0,4.5,2.89
Newcastle,Arsenal,3,1,1.0,1.39,1.11,3.94,0.06,1.78,0.61,49.89,50.11,8.56,21.67,6.56,4.33,2.94,3.28,1.18,2.0,1.82,3.94,0.06,2.35,0.82,57.82,42.18,8.47,22.0,5.47,4.06,2.0,3.41
West Ham,Manchester Utd,17,4,1.06,1.11,1.72,3.22,0.0,0.83,1.33,45.33,54.67,8.17,18.5,5.28,4.67,2.94,3.06,1.41,1.35,1.35,3.82,0.0,1.59,1.18,53.41,46.59,9.59,19.18,4.47,5.65,2.94,3.88
Fulham,Leicester,8,14,1.28,1.89,2.11,3.78,0.28,1.67,1.5,47.17,52.83,9.89,19.5,5.06,5.06,3.89,3.0,1.61,1.56,1.78,2.89,0.06,1.44,1.72,51.22,48.78,8.72,20.44,3.78,6.06,2.78,2.94
Brighton,Everton,6,18,1.65,1.71,1.65,4.12,0.06,1.88,1.47,56.59,43.41,9.29,20.88,5.94,4.06,2.35,3.65,0.89,1.22,1.44,4.5,0.0,0.78,1.33,44.5,55.5,8.94,20.72,4.39,6.89,4.11,2.72
Nottingham,Southampton,15,20,1.11,1.5,1.5,4.17,0.0,0.72,1.89,39.0,61.0,8.33,23.11,3.17,6.61,3.44,2.28,1.28,1.39,1.83,3.28,0.0,0.83,1.83,44.28,55.72,7.61,20.56,4.33,5.44,2.28,2.72
Aston Villa,Tottenham,11,5,1.22,1.33,1.44,4.11,0.11,1.11,1.44,47.44,52.56,8.39,23.72,4.22,5.17,2.89,3.0,1.28,2.17,2.17,4.17,0.22,2.06,1.39,51.61,48.39,10.17,19.06,6.17,4.56,3.0,3.72
Chelsea,Nottingham,10,15,1.0,1.29,1.59,3.65,0.24,1.18,1.12,58.65,41.35,8.29,22.0,5.06,5.06,3.53,2.47,1.11,1.5,1.5,4.17,0.0,0.72,1.89,39.0,61.0,8.33,23.11,3.17,6.61,3.44,2.28
Southampton,Fulham,20,8,1.28,1.39,1.83,3.28,0.0,0.83,1.83,44.28,55.72,7.61,20.56,4.33,5.44,2.28,2.72,1.28,1.89,2.11,3.78,0.28,1.67,1.5,47.17,52.83,9.89,19.5,5.06,5.06,3.89,3.0
Manchester Utd,Wolves,4,19,1.41,1.35,1.35,3.82,0.0,1.59,1.18,53.41,46.59,9.59,19.18,4.47,5.65,2.94,3.88,1.0,1.11,1.61,4.0,0.17,0.61,1.5,48.72,51.28,7.72,22.06,5.0,5.06,2.94,2.67
Leeds,Newcastle,13,3,1.53,1.76,2.24,4.12,0.24,1.47,1.82,49.94,50.06,9.18,24.24,5.29,5.12,3.47,2.47,1.0,1.39,1.11,3.94,0.06,1.78,0.61,49.89,50.11,8.56,21.67,6.56,4.33,2.94,3.28
Crystal Palace,Bournemouth,12,16,1.06,1.41,1.71,4.06,0.18,1.0,1.47,46.71,53.29,8.06,25.71,4.41,4.41,2.94,2.71,1.67,1.5,1.67,3.0,0.0,1.0,2.17,39.56,60.44,8.5,21.44,3.83,6.89,2.94,2.39
Everton,Manchester City,18,2,0.89,1.22,1.44,4.5,0.0,0.78,1.33,44.5,55.5,8.94,20.72,4.39,6.89,4.11,2.72,1.65,1.94,1.65,3.29,0.18,2.65,0.94,66.35,33.65,8.65,17.65,6.82,2.18,1.65,3.41
Brentford,West Ham,9,17,1.61,1.61,1.56,3.11,0.11,1.67,1.56,42.72,57.28,10.56,19.22,4.56,6.0,4.5,2.89,1.06,1.11,1.72,3.22,0.0,0.83,1.33,45.33,54.67,8.17,18.5,5.28,4.67,2.94,3.06
Arsenal,Brighton,1,6,1.18,2.0,1.82,3.94,0.06,2.35,0.82,57.82,42.18,8.47,22.0,5.47,4.06,2.0,3.41,1.65,1.71,1.65,4.12,0.06,1.88,1.47,56.59,43.41,9.29,20.88,5.94,4.06,2.35,3.65
Leicester,Liverpool,14,7,1.61,1.56,1.78,2.89,0.06,1.44,1.72,51.22,48.78,8.72,20.44,3.78,6.06,2.78,2.94,1.82,1.47,2.06,2.35,0.12,2.0,1.29,61.94,38.06,10.94,17.53,7.29,3.24,3.29,4.41
Newcastle,Brighton,3,6,1.0,1.39,1.11,3.94,0.06,1.78,0.61,49.89,50.11,8.56,21.67,6.56,4.33,2.94,3.28,1.65,1.71,1.65,4.12,0.06,1.88,1.47,56.59,43.41,9.29,20.88,5.94,4.06,2.35,3.65
Nottingham,Arsenal,15,1,1.11,1.5,1.5,4.17,0.0,0.72,1.89,39.0,61.0,8.33,23.11,3.17,6.61,3.44,2.28,1.18,2.0,1.82,3.94,0.06,2.35,0.82,57.82,42.18,8.47,22.0,5.47,4.06,2.0,3.41
Bournemouth,Manchester Utd,16,4,1.67,1.5,1.67,3.0,0.0,1.0,2.17,39.56,60.44,8.5,21.44,3.83,6.89,2.94,2.39,1.41,1.35,1.35,3.82,0.0,1.59,1.18,53.41,46.59,9.59,19.18,4.47,5.65,2.94,3.88
Tottenham,Brentford,5,9,1.28,2.17,2.17,4.17,0.22,2.06,1.39,51.61,48.39,10.17,19.06,6.17,4.56,3.0,3.72,1.61,1.61,1.56,3.11,0.11,1.67,1.56,42.72,57.28,10.56,19.22,4.56,6.0,4.5,2.89
Liverpool,Aston Villa,7,11,1.82,1.47,2.06,2.35,0.12,2.0,1.29,61.94,38.06,10.94,17.53,7.29,3.24,3.29,4.41,1.22,1.33,1.44,4.11,0.11,1.11,1.44,47.44,52.56,8.39,23.72,4.22,5.17,2.89,3.0
Wolves,Everton,19,18,1.0,1.11,1.61,4.0,0.17,0.61,1.5,48.72,51.28,7.72,22.06,5.0,5.06,2.94,2.67,0.89,1.22,1.44,4.5,0.0,0.78,1.33,44.5,55.5,8.94,20.72,4.39,6.89,4.11,2.72
Fulham,Crystal Palace,8,12,1.28,1.89,2.11,3.78,0.28,1.67,1.5,47.17,52.83,9.89,19.5,5.06,5.06,3.89,3.0,1.06,1.41,1.71,4.06,0.18,1.0,1.47,46.71,53.29,8.06,25.71,4.41,4.41,2.94,2.71
West Ham,Leeds,17,13,1.06,1.11,1.72,3.22,0.0,0.83,1.33,45.33,54.67,8.17,18.5,5.28,4.67,2.94,3.06,1.53,1.76,2.24,4.12,0.24,1.47,1.82,49.94,50.06,9.18,24.24,5.29,5.12,3.47,2.47
Brighton,Southampton,6,20,1.65,1.71,1.65,4.12,0.06,1.88,1.47,56.59,43.41,9.29,20.88,5.94,4.06,2.35,3.65,1.28,1.39,1.83,3.28,0.0,0.83,1.83,44.28,55.72,7.61,20.56,4.33,5.44,2.28,2.72
Manchester City,Chelsea,2,10,1.65,1.94,1.65,3.29,0.18,2.65,0.94,66.35,33.65,8.65,17.65,6.82,2.18,1.65,3.41,1.0,1.29,1.59,3.65,0.24,1.18,1.12,58.65,41.35,8.29,22.0,5.06,5.06,3.53,2.47
Newcastle,Leicester,3,14,1.0,1.39,1.11,3.94,0.06,1.78,0.61,49.89,50.11,8.56,21.67,6.56,4.33,2.94,3.28,1.61,1.56,1.78,2.89,0.06,1.44,1.72,51.22,48.78,8.72,20.44,3.78,6.06,2.78,2.94
Brighton,Manchester City,6,2,1.65,1.71,1.65,4.12,0.06,1.88,1.47,56.59,43.41,9.29,20.88,5.94,4.06,2.35,3.65,1.65,1.94,1.65,3.29,0.18,2.65,0.94,66.35,33.65,8.65,17.65,6.82,2.18,1.65,3.41
Manchester Utd,Chelsea,4,10,1.41,1.35,1.35,3.82,0.0,1.59,1.18,53.41,46.59,9.59,19.18,4.47,5.65,2.94,3.88,1.0,1.29,1.59,3.65,0.24,1.18,1.12,58.65,41.35,8.29,22.0,5.06,5.06,3.53,2.47
Aston Villa,Brighton,11,6,1.22,1.33,1.44,4.11,0.11,1.11,1.44,47.44,52.56,8.39,23.72,4.22,5.17,2.89,3.0,1.65,1.71,1.65,4.12,0.06,1.88,1.47,56.59,43.41,9.29,20.88,5.94,4.06,2.35,3.65
Brentford,Manchester City,9,2,1.61,1.61,1.56,3.11,0.11,1.67,1.56,42.72,57.28,10.56,19.22,4.56,6.0,4.5,2.89,1.65,1.94,1.65,3.29,0.18,2.65,0.94,66.35,33.65,8.65,17.65,6.82,2.18,1.65,3.41
Chelsea,Newcastle,10,3,1.0,1.29,1.59,3.65,0.24,1.18,1.12,58.65,41.35,8.29,22.0,5.06,5.06,3.53,2.47,1.0,1.39,1.11,3.94,0.06,1.78,0.61,49.89,50.11,8.56,21.67,6.56,4.33,2.94,3.28
Crystal Palace,Nottingham,12,15,1.06,1.41,1.71,4.06,0.18,1.0,1.47,46.71,53.29,8.06,25.71,4.41,4.41,2.94,2.71,1.11,1.5,1.5,4.17,0.0,0.72,1.89,39.0,61.0,8.33,23.11,3.17,6.61,3.44,2.28
Manchester Utd,Fulham,4,8,1.41,1.35,1.35,3.82,0.0,1.59,1.18,53.41,46.59,9.59,19.18,4.47,5.65,2.94,3.88,1.28,1.89,2.11,3.78,0.28,1.67,1.5,47.17,52.83,9.89,19.5,5.06,5.06,3.89,3.0
Leeds,Tottenham,13,5,1.53,1.76,2.24,4.12,0.24,1.47,1.82,49.94,50.06,9.18,24.24,5.29,5.12,3.47,2.47,1.28,2.17,2.17,4.17,0.22,2.06,1.39,51.61,48.39,10.17,19.06,6.17,4.56,3.0,3.72
Leicester,West Ham,14,17,1.61,1.56,1.78,2.89,0.06,1.44,1.72,51.22,48.78,8.72,20.44,3.78,6.06,2.78,2.94,1.06,1.11,1.72,3.22,0.0,0.83,1.33,45.33,54.67,8.17,18.5,5.28,4.67,2.94,3.06
Southampton,Liverpool,20,7,1.28,1.39,1.83,3.28,0.0,0.83,1.83,44.28,55.72,7.61,20.56,4.33,5.44,2.28,2.72,1.82,1.47,2.06,2.35,0.12,2.0,1.29,61.94,38.06,10.94,17.53,7.29,3.24,3.29,4.41
Everton,Bournemouth,18,16,0.89,1.22,1.44,4.5,0.0,0.78,1.33,44.5,55.5,8.94,20.72,4.39,6.89,4.11,2.72,1.67,1.5,1.67,3.0,0.0,1.0,2.17,39.56,60.44,8.5,21.44,3.83,6.89,2.94,2.39
Arsenal,Wolves,1,19,1.18,2.0,1.82,3.94,0.06,2.35,0.82,57.82,42.18,8.47,22.0,5.47,4.06,2.0,3.41,1.0,1.11,1.61,4.0,0.17,0.61,1.5,48.72,51.28,7.72,22.06,5.0,5.06,2.94,2.67
